ylre_katuosat_point.2;POINT (25502640.4658732 6679976.55133542);511786;Kalusteet ja leikkivälineet;32;Jäteastiat;383;HKR - roska-astia, 30 litraa;1643;Rakennusvirasto Pohjoinen;383;Rakennusvirasto Pohjoinen;383;;B-luokka;II;2;Kokoojakadut ja vilkasliikenteiset klv:t;Rakennusvirasto Pohjoinen;183;3;0;0;0;Von Daehnin katu;Kokoojakatu tai -tie;26917;8086;80;2015-12-04 00:00:00;(60.23249070, 25.04765494)
ylre_katuosat_point.62;POINT (25508825.426099 6676717.12211143);510285;Kalusteet ja leikkivälineet;32;Jäteastiat;383;HKR - roska-astia, 75 litraa;5777;Rakennusvirasto Itä;381;Ei talvikunnossapitoa;41;;Ei talvikunnossapitoa;II;2;Kokoojakadut ja vilkasliikenteiset klv:t;Rakennusvirasto Itä;181;3;0;0;0;Solvikinkatu;Asuntokatu;12546;7876;75;2015-12-04 00:00:00;(60.20314920, 25.15913853)
ylre_katuosat_point.68;POINT (25499400.860357 6684648.318256);471866;Kalusteet ja leikkivälineet;32;Jäteastiat;383;HKR - roska-astia, 60 litraa;1644;Rakennusvirasto Pohjoinen;383;Ei talvikunnossapitoa;41;;Ei talvikunnossapitoa;III;3;Tonttikadut ja vähäliikenteiset klv:t;Rakennusvirasto Pohjoinen;183;3;0;0;0;Jousimiehentie;Asuntokatu;2060;1732;8;2015-12-04 00:00:00;(60.27442943, 24.98917294)
ylre_katuosat_point.88;POINT (25502471.4888257 6680197.77434083);511771;Kalusteet ja leikkivälineet;32;Jäteastiat;383;HKR - roska-astia, 30 litraa;1643;Rakennusvirasto Pohjoinen;383;Ei talvikunnossapitoa;41;;Ei talvikunnossapitoa;II;2;Kokoojakadut ja vilkasliikenteiset klv:t;Rakennusvirasto Pohjoinen;183;3;0;0;0;Latokartanonkaari;Kokoojakatu tai -tie;4294;3559;127;2015-12-04 00:00:00;(60.23447731, 25.04460795)
ylre_katuosat_point.89;POINT (25502417.305851 6679759.67718071);511765;Kalusteet ja leikkivälineet;32;Jäteastiat;383;HKR - roska-astia, 30 litraa;1643;Rakennusvirasto Pohjoinen;383;Rakennusvirasto Pohjoinen;383;;B-luokka;II;2;Kokoojakadut ja vilkasliikenteiset klv:t;Rakennusvirasto Pohjoinen;183;3;0;0;0;Von Daehnin katu;Kokoojakatu tai -tie;26917;8086;76;2015-12-04 00:00:00;(60.23054556, 25.04362478)
ylre_katuosat_point.92;POINT (25502571.3595387 6679928.84809094);511768;Kalusteet ja leikkivälineet;32;Jäteastiat;383;HKR - roska-astia, 60 litraa;1644;Rakennusvirasto Pohjoinen;383;Rakennusvirasto Pohjoinen;383;;Ei kiireellisyysluokkaa;KA3;71;Yleiskatuvihreä;Rakennusvirasto Pohjoinen;183;3;0;0;0;Agronominraitti;Kevyt liikenne;26919;8088;14;2015-12-04 00:00:00;(60.23206298, 25.04640711)
ylre_katuosat_point.127;POINT (25501672.3966155 6684858.37446225);550274;Kalusteet ja leikkivälineet;32;Jäteastiat;383;HKR - roska-astia, 60 litraa;1644;Rakennusvirasto Pohjoinen;383;Ei talvikunnossapitoa;41;;Ei talvikunnossapitoa;KA3;71;Yleiskatuvihreä;Rakennusvirasto Pohjoinen;183;3;0;0;0;Palovartijantie;Asuntokatu;1848;1579;47;2017-11-10 00:00:00;(60.27631175, 25.03022365)
ylre_katuosat_point.128;POINT (25496056.450669 6674490.26250285);548252;Kalusteet ja leikkivälineet;32;Jäteastiat;383;HKR - huumeruiskuastia;6054;Kiinteistö / Yksityinen;41;Ei talvikunnossapitoa;41;;Ei talvikunnossapitoa;III;3;Tonttikadut ja vähäliikenteiset klv:t;Kiinteistö / Yksityinen;25;2;0;0;0;Mäntymäenkenttä;Pysäköintialue;1004;855;11;2017-08-16 00:00:00;(60.18323864, 24.92893370)
ylre_katuosat_point.136;POINT (25499081.984428 6684069.49630205);524236;Kalusteet ja leikkivälineet;32;Jäteastiat;383;HKR - roska-astia, 60 litraa;1644;Rakennusvirasto Pohjoinen;383;Ei talvikunnossapitoa;41;;Ei talvikunnossapitoa;II;2;Kokoojakadut ja vilkasliikenteiset klv:t;Rakennusvirasto Pohjoinen;183;3;0;0;0;Peltokyläntie;Kokoojakatu tai -tie;2201;1857;34;2015-12-04 00:00:00;(60.26923374, 24.98341315)
ylre_katuosat_point.145;POINT (25508309.7352221 6676971.04952171);515080;Kalusteet ja leikkivälineet;32;Jäteastiat;383;HKR - H1 roska-astia, 140 litraa;5606;Rakennusvirasto Itä;381;Ei talvikunnossapitoa;41;;Ei talvikunnossapitoa;III;3;Tonttikadut ja vähäliikenteiset klv:t;Rakennusvirasto Itä;181;3;0;0;0;Kahvipavunkuja;Pihakatu;29925;8622;10;2015-12-04 00:00:00;(60.20543912, 25.14985011)
ylre_katuosat_point.153;POINT (25508395.5812393 6676993.29372731);515079;Kalusteet ja leikkivälineet;32;Jäteastiat;383;HKR - H1 roska-astia, 140 litraa;5606;Rakennusvirasto Itä;381;Ei talvikunnossapitoa;41;;Ei talvikunnossapitoa;III;3;Tonttikadut ja vähäliikenteiset klv:t;Rakennusvirasto Itä;181;3;0;0;0;Kahvipavunkuja;Pihakatu;29925;8622;9;2015-12-04 00:00:00;(60.20563701, 25.15139909)
ylre_katuosat_point.159;POINT (25499420.5142624 6684980.39808635);522634;Kalusteet ja leikkivälineet;32;Jäteastiat;383;HKR - roska-astia, 60 litraa;1644;Rakennusvirasto Pohjoinen;383;Ei talvikunnossapitoa;41;;Ei talvikunnossapitoa;KA2;70;Keskustakatuvihreä;Rakennusvirasto Pohjoinen;183;EI PV;0;0;0;Riimusauvantie;Kokoojakatu tai -tie;2057;1729;199;2015-12-04 00:00:00;(60.27740998, 24.98952715)
ylre_katuosat_point.161;POINT (25499474.8311077 6684500.18769553);471870;Kalusteet ja leikkivälineet;32;Jäteastiat;383;HKR - roska-astia, 60 litraa;1644;Rakennusvirasto Pohjoinen;383;Rakennusvirasto Pohjoinen;383;;Ei kiireellisyysluokkaa;KA3;71;Yleiskatuvihreä;Rakennusvirasto Pohjoinen;183;3;0;0;0;Kauriintie;Kevyt liikenne;9743;6432;109;2015-12-04 00:00:00;(60.27310002, 24.99051005)
ylre_katuosat_point.209;POINT (25501806.1634171 6680202.4308058);511778;Kalusteet ja leikkivälineet;32;Jäteastiat;383;HKR - roska-astia, 30 litraa;1643;Rakennusvirasto Pohjoinen;383;Ei talvikunnossapitoa;41;;Ei talvikunnossapitoa;II;2;Kokoojakadut ja vilkasliikenteiset klv:t;Rakennusvirasto Pohjoinen;183;3;0;0;0;Latokartanonkaari;Kokoojakatu tai -tie;4294;3559;129;2015-12-04 00:00:00;(60.23452259, 25.03259953)
ylre_katuosat_point.216;POINT (25501201.3627393 6679072.22309055);511784;Kalusteet ja leikkivälineet;32;Jäteastiat;383;HKR - roska-astia, 30 litraa;1643;Rakennusvirasto Pohjoinen;383;Rakennusvirasto Pohjoinen;383;;B-luokka;II;2;Kokoojakadut ja vilkasliikenteiset klv:t;Rakennusvirasto Pohjoinen;183;3;0;0;0;Tilanhoitajankaari;Kokoojakatu tai -tie;7121;3171;14;2015-12-04 00:00:00;(60.22438081, 25.02167675)
ylre_katuosat_point.289;POINT (25501072.0163904 6682488.07931494);510484;Kalusteet ja leikkivälineet;32;Jäteastiat;383;HKR - city roska-astia, 100 litraa;3427;Rakennusvirasto Pohjoinen;383;Rakennusvirasto Pohjoinen;383;;Ei kiireellisyysluokkaa;KA2;70;Keskustakatuvihreä;Rakennusvirasto Pohjoinen;183;3;0;0;0;Hela-aukio;Pihakatu;28135;8286;116;2015-12-04 00:00:00;(60.25503965, 25.01936098)
ylre_katuosat_point.365;POINT (25496583.1125533 6676272.78167024);511369;Kalusteet ja leikkivälineet;32;Jäteastiat;383;HKR - huumeruiskuastia;6054;Kiinteistö / Yksityinen;41;Ei talvikunnossapitoa;41;;Ei talvikunnossapitoa;III;3;Tonttikadut ja vähäliikenteiset klv:t;Ei toimenpiteitä;7;2;0;0;0;Opastinsilta;Kevytliikenne, t/h;5241;4254;100;2016-11-24 00:00:00;(60.19924222, 24.93839465)
ylre_katuosat_point.384;POINT (25497305.656741 6674974.44616747);511361;Kalusteet ja leikkivälineet;32;Jäteastiat;383;HKR - huumeruiskuastia;6054;Rakennusvirasto Pohjoinen;383;Ei talvikunnossapitoa;41;;Ei talvikunnossapitoa;III;3;Tonttikadut ja vähäliikenteiset klv:t;Rakennusvirasto Pohjoinen;183;2;0;0;0;Kaarlenkatu;Asuntokatu;5138;4171;100;2015-12-04 00:00:00;(60.18759455, 24.95143909)
ylre_katuosat_point.385;POINT (25497630.3281222 6674813.02094527);511363;Kalusteet ja leikkivälineet;32;Jäteastiat;383;HKR - huumeruiskuastia;6054;Rakennusvirasto Pohjoinen;383;Ei talvikunnossapitoa;41;;Ei talvikunnossapitoa;III;3;Tonttikadut ja vähäliikenteiset klv:t;Rakennusvirasto Pohjoinen;183;2;0;0;0;Torkkelinkatu;Asuntokatu;1167;1010;100;2015-12-04 00:00:00;(60.18614770, 24.95729261)
ylre_katuosat_point.389;POINT (25497246.1672932 6674605.87104939);511357;Kalusteet ja leikkivälineet;32;Jäteastiat;383;HKR - huumeruiskuastia;6054;Kiinteistö / Yksityinen;41;Ei talvikunnossapitoa;41;;Ei talvikunnossapitoa;III;3;Tonttikadut ja vähäliikenteiset klv:t;Ei toimenpiteitä;7;2;0;0;0;Itäinen Papinkatu;Kevyt liikenne;6266;5031;100;2016-11-24 00:00:00;(60.18428603, 24.95037189)
ylre_katuosat_point.390;POINT (25497220.6517422 6674820.02862536);511358;Kalusteet ja leikkivälineet;32;Jäteastiat;383;HKR - huumeruiskuastia;6054;Kiinteistö / Yksityinen;41;Ei talvikunnossapitoa;41;;Ei talvikunnossapitoa;KA3;71;Yleiskatuvihreä;Ei toimenpiteitä;7;2;0;0;0;Itäinen Alppirinne;Asuntokatu;6272;5037;100;2016-11-24 00:00:00;(60.18620801, 24.94990913)
ylre_katuosat_point.397;POINT (25497869.3094387 6676061.19900205);511371;Kalusteet ja leikkivälineet;32;Jäteastiat;383;HKR - huumeruiskuastia;6054;Rakennusvirasto Pohjoinen;383;Ei talvikunnossapitoa;41;;Ei talvikunnossapitoa;KA2;70;Keskustakatuvihreä;Rakennusvirasto Pohjoinen;183;3;0;0;0;Somerontie;Asuntokatu;6869;5210;100;2015-12-04 00:00:00;(60.19735192, 24.96158656)
ylre_katuosat_point.462;POINT (25493073.056432 6680835.126348);460406;Kalusteet ja leikkivälineet;32;Jäteastiat;383;HKR - roska-astia, 60 litraa;1644;Rakennusvirasto Länsi;382;Ei talvikunnossapitoa;41;;Ei talvikunnossapitoa;III;3;Tonttikadut ja vähäliikenteiset klv:t;Rakennusvirasto Länsi;182;3;0;0;0;Soittajantie;Asuntokatu;3026;2468;2;2015-12-04 00:00:00;(60.24014636, 24.87495381)
ylre_katuosat_point.477;POINT (25503176.61311 6678589.442336);463792;Kalusteet ja leikkivälineet;32;Jäteastiat;383;HKR - roska-astia, 30 litraa;1643;Rakennusvirasto Itä;381;Ei talvikunnossapitoa;41;;Ei talvikunnossapitoa;II;2;Kokoojakadut ja vilkasliikenteiset klv:t;Rakennusvirasto Itä;181;3;0;0;0;Ratasmyllyntie;Kokoojakatu alueellinen;29765;8602;101;2015-12-04 00:00:00;(60.22003707, 25.05730955)
ylre_katuosat_point.480;POINT (25493424.676351 6670789.60051);492123;Kalusteet ja leikkivälineet;32;Jäteastiat;383;HKR - roska-astia, 60 litraa;1644;Rakennusvirasto Länsi;382;Ei talvikunnossapitoa;41;;Ei talvikunnossapitoa;II;2;Kokoojakadut ja vilkasliikenteiset klv:t;Rakennusvirasto Länsi;182;3;0;0;0;Itälahdenkatu;Asuntokatu;11122;7071;100;2015-12-04 00:00:00;(60.14998973, 24.88162638)
ylre_katuosat_point.488;POINT (25503007.8547155 6679792.07309287);549571;Kalusteet ja leikkivälineet;32;Jäteastiat;383;HKR - roska-astia, 30 litraa;1643;Valtio;321;Rakennusvirasto Itä;381;;Ei kiireellisyysluokkaa;H1;76;Hoitoluokittamaton, ei toimenpiteitä;Ei toimenpiteitä;7;3;0;0;0;Kehä I / Myllymestarintie;Moottoriväylä;7926;5862;53;2017-10-23 00:00:00;(60.23083239, 25.05428281)
ylre_katuosat_point.513;POINT (25492980.906827 6681035.457739);460412;Kalusteet ja leikkivälineet;32;Jäteastiat;383;HKR - roska-astia, 140 litraa;1645;Rakennusvirasto Länsi;382;Ei talvikunnossapitoa;41;;Ei talvikunnossapitoa;III;3;Tonttikadut ja vähäliikenteiset klv:t;Rakennusvirasto Länsi;182;3;0;0;0;Soittajantori;Tori;3514;2903;107;2015-12-04 00:00:00;(60.24194282, 24.87328337)
ylre_katuosat_point.514;POINT (25492991.596748 6681050.056412);460411;Kalusteet ja leikkivälineet;32;Jäteastiat;383;HKR - roska-astia, 140 litraa;1645;Rakennusvirasto Länsi;382;Ei talvikunnossapitoa;41;;Ei talvikunnossapitoa;III;3;Tonttikadut ja vähäliikenteiset klv:t;Rakennusvirasto Länsi;182;3;0;0;0;Soittajantori;Tori;3514;2903;106;2015-12-04 00:00:00;(60.24207404, 24.87347585)
ylre_katuosat_point.528;POINT (25503210.346251 6678799.66513);463794;Kalusteet ja leikkivälineet;32;Jäteastiat;383;HKR - roska-astia, 30 litraa;1643;Rakennusvirasto Itä;381;Ei talvikunnossapitoa;41;;Ei talvikunnossapitoa;II;2;Kokoojakadut ja vilkasliikenteiset klv:t;Rakennusvirasto Itä;181;3;0;0;0;Myllypurontie;Kokoojakatu alueellinen;8052;5988;146;2015-12-04 00:00:00;(60.22192363, 25.05792146)
ylre_katuosat_point.538;POINT (25494102.5730934 6681723.43763058);512803;Kalusteet ja leikkivälineet;32;Jäteastiat;383;HKR - roska-astia, 60 litraa;1644;Rakennusvirasto Länsi;382;Ei talvikunnossapitoa;41;;Ei talvikunnossapitoa;II;2;Kokoojakadut ja vilkasliikenteiset klv:t;Rakennusvirasto Länsi;182;3;0;0;0;Kaarelanraitti;Kokoojakatu tai -tie;1518;1300;119;2016-02-10 00:00:00;(60.24813545, 24.89351288)
ylre_katuosat_point.543;POINT (25493552.042332 6680438.148515);460408;Kalusteet ja leikkivälineet;32;Jäteastiat;383;HKR - roska-astia, 60 litraa;1644;Rakennusvirasto Länsi;382;Ei talvikunnossapitoa;41;;Ei talvikunnossapitoa;III;3;Tonttikadut ja vähäliikenteiset klv:t;Rakennusvirasto Länsi;182;3;0;6;0;Kaustisenpolku;Kevyt liikenne;3015;2457;10;2015-12-04 00:00:00;(60.23659122, 24.88361315)
ylre_katuosat_point.567;POINT (25504267.94094 6684672.10181386);550285;Kalusteet ja leikkivälineet;32;Jäteastiat;383;HKR - roska-astia, 60 litraa;1644;Rakennusvirasto Pohjoinen;383;Rakennusvirasto Pohjoinen;383;;A-luokka;I;1;Pääkadut ja erittäin vilkkaat klv:t;Rakennusvirasto Pohjoinen;183;3;0;0;0;Vanha Porvoontie;Pääkatu;3110;2552;230;2017-11-10 00:00:00;(60.27462095, 25.07712651)
ylre_katuosat_point.588;POINT (25492994.714274 6681014.325421);460410;Kalusteet ja leikkivälineet;32;Jäteastiat;383;HKR - roska-astia, 140 litraa;1645;Rakennusvirasto Länsi;382;Ei talvikunnossapitoa;41;;Ei talvikunnossapitoa;III;3;Tonttikadut ja vähäliikenteiset klv:t;Rakennusvirasto Länsi;182;3;0;0;0;Soittajantori;Tori;3514;2903;105;2015-12-04 00:00:00;(60.24175339, 24.87353337)
ylre_katuosat_point.608;POINT (25493096.349882 6680849.122679);460407;Kalusteet ja leikkivälineet;32;Jäteastiat;383;HKR - roska-astia, 60 litraa;1644;Rakennusvirasto Länsi;382;Ei talvikunnossapitoa;41;;Ei talvikunnossapitoa;III;3;Tonttikadut ja vähäliikenteiset klv:t;Rakennusvirasto Länsi;182;3;0;0;0;Tahtipolku;Kevyt liikenne;3027;2469;114;2015-12-04 00:00:00;(60.24027238, 24.87537383)
ylre_katuosat_point.648;POINT (25498432.1007272 6676748.08968849);511433;Kalusteet ja leikkivälineet;32;Jäteastiat;383;HKR - H1 roska-astia, 140 litraa;5606;Rakennusvirasto Pohjoinen;383;Ei talvikunnossapitoa;41;;Ei talvikunnossapitoa;III;3;Tonttikadut ja vähäliikenteiset klv:t;Rakennusvirasto Pohjoinen;183;3;0;0;0;Flooranaukio;Katuaukio;5443;4456;104;2015-12-04 00:00:00;(60.20351959, 24.97172762)
ylre_katuosat_point.694;POINT (25504429.1310271 6677381.70290824);546811;Kalusteet ja leikkivälineet;32;Jäteastiat;383;HKR - H1 roska-astia, 60 litraa;5604;Rakennusvirasto Itä;381;Ei talvikunnossapitoa;41;;Ei talvikunnossapitoa;III;3;Tonttikadut ja vähäliikenteiset klv:t;Rakennusvirasto Itä;181;2;0;0;0;Gotlanninkatu;Asuntokatu;7703;5688;27;2017-06-19 00:00:00;(60.20918548, 25.07987994)
ylre_katuosat_point.695;POINT (25504604.1983543 6677478.33955863);546812;Kalusteet ja leikkivälineet;32;Jäteastiat;383;HKR - H1 roska-astia, 60 litraa;5604;Rakennusvirasto Itä;381;Rakennusvirasto Itä;381;;C-luokka;III;3;Tonttikadut ja vähäliikenteiset klv:t;Rakennusvirasto Itä;181;2;0;0;0;Gotlanninkatu;Asuntokatu;7703;5688;28;2017-06-19 00:00:00;(60.21005089, 25.08303949)
ylre_katuosat_point.696;POINT (25504693.4920565 6677527.77565904);546813;Kalusteet ja leikkivälineet;32;Jäteastiat;383;HKR - H1 roska-astia, 60 litraa;5604;Rakennusvirasto Itä;381;Rakennusvirasto Itä;381;;C-luokka;III;3;Tonttikadut ja vähäliikenteiset klv:t;Rakennusvirasto Itä;181;2;0;0;0;Gotlanninkatu;Asuntokatu;7704;5689;15;2017-06-19 00:00:00;(60.21049358, 25.08465110)
ylre_katuosat_point.697;POINT (25504779.8811284 6677575.9634463);546814;Kalusteet ja leikkivälineet;32;Jäteastiat;383;HKR - H1 roska-astia, 60 litraa;5604;Rakennusvirasto Itä;381;Rakennusvirasto Itä;381;;C-luokka;III;3;Tonttikadut ja vähäliikenteiset klv:t;Rakennusvirasto Itä;181;2;0;0;0;Gotlanninkatu;Asuntokatu;7704;5689;16;2017-06-19 00:00:00;(60.21092508, 25.08621033)
ylre_katuosat_point.736;POINT (25502294.589562 6672763.459199);439333;Kalusteet ja leikkivälineet;32;Jäteastiat;383;HKR - roska-astia, 60 litraa;1644;Rakennusvirasto Itä;381;Ei talvikunnossapitoa;41;;Ei talvikunnossapitoa;III;3;Tonttikadut ja vähäliikenteiset klv:t;Rakennusvirasto Itä;181;3;0;0;0;Aakenraitti;Kevyt liikenne;7586;5571;36;2015-12-04 00:00:00;(60.16775244, 25.04133110)
ylre_katuosat_point.756;POINT (25501437.836092 6675096.231983);449244;Kalusteet ja leikkivälineet;32;Jäteastiat;383;HKR - roska-astia, 60 litraa;1644;Rakennusvirasto Itä;381;Ei talvikunnossapitoa;41;;Ei talvikunnossapitoa;III;3;Tonttikadut ja vähäliikenteiset klv:t;Rakennusvirasto Itä;181;3;0;0;0;Amiraali Cronstedtin ranta;Kevytliikenne, t/h;26798;8033;118;2015-12-04 00:00:00;(60.18869398, 25.02591539)
ylre_katuosat_point.757;POINT (25501449.20246 6675025.645887);449245;Kalusteet ja leikkivälineet;32;Jäteastiat;383;HKR - roska-astia, 60 litraa;1644;Rakennusvirasto Itä;381;Ei talvikunnossapitoa;41;;Ei talvikunnossapitoa;III;3;Tonttikadut ja vähäliikenteiset klv:t;Rakennusvirasto Itä;181;3;0;0;0;Amiraali Cronstedtin ranta;Kevytliikenne, t/h;26798;8033;119;2015-12-04 00:00:00;(60.18806040, 25.02611976)
ylre_katuosat_point.764;POINT (25501600.798509 6674969.475662);449246;Kalusteet ja leikkivälineet;32;Jäteastiat;383;HKR - roska-astia, 60 litraa;1644;Rakennusvirasto Itä;381;Ei talvikunnossapitoa;41;;Ei talvikunnossapitoa;III;3;Tonttikadut ja vähäliikenteiset klv:t;Rakennusvirasto Itä;181;3;0;0;0;Amiraali Cronstedtin ranta;Kevytliikenne, t/h;26798;8033;120;2015-12-04 00:00:00;(60.18755569, 25.02885161)
ylre_katuosat_point.780;POINT (25497130.328422 6674303.059436);162009;Kalusteet ja leikkivälineet;32;Jäteastiat;383;HKR - roska-astia, 30 litraa;1643;Rakennusvirasto Pohjoinen;383;Ei talvikunnossapitoa;41;;Ei talvikunnossapitoa;II;2;Kokoojakadut ja vilkasliikenteiset klv:t;Rakennusvirasto Pohjoinen;183;2;0;0;0;Toinen linja;Kokoojakatu tai -tie;6249;5014;20;2015-12-04 00:00:00;(60.18156738, 24.94828857)
ylre_katuosat_point.812;POINT (25495938.3431772 6672523.23718687);534120;Kalusteet ja leikkivälineet;32;Jäteastiat;383;HKR - H1 roska-astia, 60 litraa;5604;Rakennusvirasto Länsi;382;Rakennusvirasto Länsi;382;;A-luokka;I;1;Pääkadut ja erittäin vilkkaat klv:t;Rakennusvirasto Länsi;182;2;0;0;0;Lapinrinne;Asuntokatu;626;521;132;2016-09-27 00:00:00;(60.16558260, 24.92684457)
ylre_katuosat_point.832;POINT (25495627.160813 6672099.663821);501785;Kalusteet ja leikkivälineet;32;Jäteastiat;383;HKR - H1 roska-astia, 140 litraa;5606;Rakennusvirasto Länsi;382;Ei talvikunnossapitoa;41;;Ei talvikunnossapitoa;II;2;Kokoojakadut ja vilkasliikenteiset klv:t;Rakennusvirasto Länsi;182;2;0;0;0;Jätkänsaarenlaituri;Kokoojakatu tai -tie;11462;7411;121;2015-12-04 00:00:00;(60.16177763, 24.92124889)
ylre_katuosat_point.978;POINT (25493085.853881 6680655.959315);441431;Kalusteet ja leikkivälineet;32;Jäteastiat;383;HKR - roska-astia, 60 litraa;1644;Rakennusvirasto Länsi;382;Ei talvikunnossapitoa;41;;Ei talvikunnossapitoa;KA3;71;Yleiskatuvihreä;Rakennusvirasto Länsi;182;3;0;0;0;Rumpupolku;Kevytliikenne, t/h;3058;2500;109;2015-12-04 00:00:00;(60.23853850, 24.87519095)
ylre_katuosat_point.979;POINT (25493305.10274 6680237.591309);441436;Kalusteet ja leikkivälineet;32;Jäteastiat;383;HKR - roska-astia, 60 litraa;1644;Rakennusvirasto Länsi;382;Ei talvikunnossapitoa;41;;Ei talvikunnossapitoa;I;1;Pääkadut ja erittäin vilkkaat klv:t;Rakennusvirasto Länsi;182;3;0;0;0;Kehä I / Muurimestarintie;Moottoriväylä;10325;2706;105;2015-12-04 00:00:00;(60.23478717, 24.87916248)
ylre_katuosat_point.1132;POINT (25504105.553788 6680391.325723);487002;Kalusteet ja leikkivälineet;32;Jäteastiat;383;HKR - roska-astia, 60 litraa;1644;Rakennusvirasto Itä;381;Ei talvikunnossapitoa;41;;Ei talvikunnossapitoa;III;3;Tonttikadut ja vähäliikenteiset klv:t;Rakennusvirasto Itä;181;3;0;0;0;Kiikku;Kevyt liikenne;7927;5863;11;2015-12-04 00:00:00;(60.23620131, 25.07410513)
ylre_katuosat_point.1133;POINT (25504450.131175 6680379.898349);487003;Kalusteet ja leikkivälineet;32;Jäteastiat;383;HKR - roska-astia, 60 litraa;1644;Rakennusvirasto Itä;381;Ei talvikunnossapitoa;41;;Ei talvikunnossapitoa;III;3;Tonttikadut ja vähäliikenteiset klv:t;Rakennusvirasto Itä;181;3;0;0;0;Kiikku;Kevyt liikenne;7927;5863;12;2015-12-04 00:00:00;(60.23609513, 25.08032448)
ylre_katuosat_point.1219;POINT (25496590.2914539 6673712.42057579);547932;Kalusteet ja leikkivälineet;32;Jäteastiat;383;HKR - H1 roska-astia, 140 litraa;5606;Rakennusvirasto Länsi;382;Rakennusvirasto Länsi;382;;C-luokka;III;3;Tonttikadut ja vähäliikenteiset klv:t;Rakennusvirasto Länsi;182;2;0;0;0;Alvar Aallon katu;Katuaukio;10340;3557;104;2017-08-03 00:00:00;(60.17626199, 24.93856703)
ylre_katuosat_point.1220;POINT (25496592.220628 6673726.57249623);547933;Kalusteet ja leikkivälineet;32;Jäteastiat;383;HKR - H1 roska-astia, 140 litraa;5606;Rakennusvirasto Länsi;382;Rakennusvirasto Länsi;382;;C-luokka;III;3;Tonttikadut ja vähäliikenteiset klv:t;Rakennusvirasto Länsi;182;2;0;0;0;Alvar Aallon katu;Katuaukio;10340;3557;105;2017-08-03 00:00:00;(60.17638903, 24.93860155)
ylre_katuosat_point.1281;POINT (25501593.8364226 6684604.60689001);511528;Kalusteet ja leikkivälineet;32;Jäteastiat;383;HKR - roska-astia, 60 litraa;1644;Rakennusvirasto Pohjoinen;383;Ei talvikunnossapitoa;41;;Ei talvikunnossapitoa;III;3;Tonttikadut ja vähäliikenteiset klv:t;Rakennusvirasto Pohjoinen;183;3;0;0;0;Kimnaasipolku;Pihakatu;1850;1581;32;2015-12-04 00:00:00;(60.27403443, 25.02880190)
ylre_katuosat_point.1340;POINT (25499323.467451 6684626.178733);471871;Kalusteet ja leikkivälineet;32;Jäteastiat;383;HKR - roska-astia, 60 litraa;1644;Rakennusvirasto Pohjoinen;383;Ei talvikunnossapitoa;41;;Ei talvikunnossapitoa;KA3;71;Yleiskatuvihreä;Rakennusvirasto Pohjoinen;183;3;0;0;0;Jousimiehentie;Asuntokatu;2060;1732;13;2015-12-04 00:00:00;(60.27423060, 24.98777444)
ylre_katuosat_point.1341;POINT (25499324.129762 6684900.413794);471874;Kalusteet ja leikkivälineet;32;Jäteastiat;383;HKR - roska-astia, 60 litraa;1644;Rakennusvirasto Pohjoinen;383;Rakennusvirasto Pohjoinen;383;;C-luokka;III;3;Tonttikadut ja vähäliikenteiset klv:t;Rakennusvirasto Pohjoinen;183;3;0;4;0;Kaksostenpolku;Kevyt liikenne;2059;1731;7;2015-12-04 00:00:00;(60.27669194, 24.98778549)
ylre_katuosat_point.1345;POINT (25500067.743112 6684793.179465);471876;Kalusteet ja leikkivälineet;32;Jäteastiat;383;HKR - roska-astia, 60 litraa;1644;Rakennusvirasto Pohjoinen;383;Rakennusvirasto Pohjoinen;383;;Ei kiireellisyysluokkaa;KB3;73;Piennarniitty;Rakennusvirasto Pohjoinen;183;3;0;10;0;Suutarilantie;Pääkatu;2084;1754;250;2015-12-04 00:00:00;(60.27573004, 25.00122424)
ylre_katuosat_point.1352;POINT (25501702.604111 6684734.112292);471886;Kalusteet ja leikkivälineet;32;Jäteastiat;383;HKR - roska-astia, 60 litraa;1644;Rakennusvirasto Pohjoinen;383;Rakennusvirasto Pohjoinen;383;;C-luokka;III;3;Tonttikadut ja vähäliikenteiset klv:t;Rakennusvirasto Pohjoinen;183;3;0;6;0;Maatullinkuja;Kevytliikenne, t/h;1853;1584;3;2015-12-04 00:00:00;(60.27519634, 25.03076852)
ylre_katuosat_point.1363;POINT (25501868.86651 6684801.663726);471889;Kalusteet ja leikkivälineet;32;Jäteastiat;383;HKR - roska-astia, 60 litraa;1644;Rakennusvirasto Pohjoinen;383;Rakennusvirasto Pohjoinen;383;;C-luokka;III;3;Tonttikadut ja vähäliikenteiset klv:t;Rakennusvirasto Pohjoinen;183;3;0;4;0;Palovartijantie;Kevyt liikenne;12282;7776;6;2015-12-04 00:00:00;(60.27580190, 25.03377374)
ylre_katuosat_point.1364;POINT (25501945.698482 6684737.734537);471890;Kalusteet ja leikkivälineet;32;Jäteastiat;383;HKR - roska-astia, 60 litraa;1644;Rakennusvirasto Pohjoinen;383;Ei talvikunnossapitoa;41;;Ei talvikunnossapitoa;I;1;Pääkadut ja erittäin vilkkaat klv:t;Rakennusvirasto Pohjoinen;183;3;0;0;0;Maatullinaukio;Kevytliikenne, t/h;1758;1497;44;2015-12-04 00:00:00;(60.27522776, 25.03516162)
ylre_katuosat_point.1366;POINT (25501977.513971 6684681.599951);471891;Kalusteet ja leikkivälineet;32;Jäteastiat;383;HKR - roska-astia, 60 litraa;1644;Rakennusvirasto Pohjoinen;383;Rakennusvirasto Pohjoinen;383;;A-luokka;I;1;Pääkadut ja erittäin vilkkaat klv:t;Rakennusvirasto Pohjoinen;183;3;0;0;0;Tapulikaupungintie;Kokoojakatu alueellinen;1756;1495;222;2015-12-04 00:00:00;(60.27472378, 25.03573602)
ylre_katuosat_point.1368;POINT (25503592.7068923 6679590.22189184);549575;Kalusteet ja leikkivälineet;32;Jäteastiat;383;HKR - roska-astia, 30 litraa;1643;Valtio;321;Rakennusvirasto Itä;381;;Ei kiireellisyysluokkaa;H1;76;Hoitoluokittamaton, ei toimenpiteitä;Ei toimenpiteitä;7;3;0;0;0;Kehä I / Myllymestarintie;Moottoriväylä;7926;5862;97;2017-10-23 00:00:00;(60.22901597, 25.06483406)
ylre_katuosat_point.1404;POINT (25501621.033327 6685726.941264);471879;Kalusteet ja leikkivälineet;32;Jäteastiat;383;HKR - roska-astia, 60 litraa;1644;Rakennusvirasto Pohjoinen;383;Rakennusvirasto Pohjoinen;383;;A-luokka;I;1;Pääkadut ja erittäin vilkkaat klv:t;Rakennusvirasto Pohjoinen;183;3;0;18;0;Tikkuritie;Pääkatu;1787;1522;53;2015-12-04 00:00:00;(60.28410760, 25.02930238)
ylre_katuosat_point.1405;POINT (25501663.480065 6685718.5754);471880;Kalusteet ja leikkivälineet;32;Jäteastiat;383;HKR - roska-astia, 60 litraa;1644;Rakennusvirasto Pohjoinen;383;Rakennusvirasto Pohjoinen;383;;A-luokka;I;1;Pääkadut ja erittäin vilkkaat klv:t;Rakennusvirasto Pohjoinen;183;3;0;18;0;Tikkuritie;Pääkatu;1787;1522;54;2015-12-04 00:00:00;(60.28403234, 25.03006960)
ylre_katuosat_point.1406;POINT (25501648.584078 6685692.267282);471881;Kalusteet ja leikkivälineet;32;Jäteastiat;383;HKR - roska-astia, 60 litraa;1644;Rakennusvirasto Pohjoinen;383;Rakennusvirasto Pohjoinen;383;;A-luokka;I;1;Pääkadut ja erittäin vilkkaat klv:t;Rakennusvirasto Pohjoinen;183;3;0;18;0;Tikkuritie;Pääkatu;1787;1522;55;2015-12-04 00:00:00;(60.28379628, 25.02980012)
ylre_katuosat_point.1423;POINT (25500653.4388236 6685496.89599625);517683;Kalusteet ja leikkivälineet;32;Jäteastiat;383;HKR - roska-astia, 60 litraa;1644;Rakennusvirasto Pohjoinen;383;Rakennusvirasto Pohjoinen;383;;A-luokka;I;1;Pääkadut ja erittäin vilkkaat klv:t;Rakennusvirasto Pohjoinen;183;3;0;0;0;Suutarilantie;Pääkatu;2084;1754;521;2015-12-04 00:00:00;(60.28204558, 25.01181105)
ylre_katuosat_point.1432;POINT (25495296.2077302 6677241.70212);545530;Kalusteet ja leikkivälineet;32;Jäteastiat;383;HKR - roska-astia, 75 litraa;5777;Rakennusvirasto Länsi;382;Ei talvikunnossapitoa;41;;Ei talvikunnossapitoa;II;2;Kokoojakadut ja vilkasliikenteiset klv:t;Rakennusvirasto Länsi;182;3;0;0;0;Ilmalankatu;Kokoojakatu alueellinen;5349;4362;105;2017-05-12 00:00:00;(60.20792584, 24.91516976)
ylre_katuosat_point.1433;POINT (25500528.0292903 6685221.8539885);517681;Kalusteet ja leikkivälineet;32;Jäteastiat;383;HKR - roska-astia, 60 litraa;1644;Rakennusvirasto Pohjoinen;383;Rakennusvirasto Pohjoinen;383;;A-luokka;I;1;Pääkadut ja erittäin vilkkaat klv:t;Rakennusvirasto Pohjoinen;183;3;0;0;0;Suutarilantie;Pääkatu;2084;1754;519;2015-12-04 00:00:00;(60.27957718, 25.00954353)
ylre_katuosat_point.1505;POINT (25503243.5984787 6678986.97534537);528549;Kalusteet ja leikkivälineet;32;Jäteastiat;383;HKR - roska-astia, 60 litraa;1644;Rakennusvirasto Itä;381;Ei talvikunnossapitoa;41;;Ei talvikunnossapitoa;II;2;Kokoojakadut ja vilkasliikenteiset klv:t;Rakennusvirasto Itä;181;3;0;0;0;Orpaanporras;Katuaukio;31253;9005;18;2016-03-16 00:00:00;(60.22360455, 25.05852439)
ylre_katuosat_point.1509;POINT (25504348.2981541 6677628.02537257);532073;Kalusteet ja leikkivälineet;32;Jäteastiat;383;HKR - huumeruiskuastia;6054;Rakennusvirasto Itä;381;Rakennusvirasto Itä;381;;A-luokka;I;1;Pääkadut ja erittäin vilkkaat klv:t;Rakennusvirasto Itä;181;3;0;0;0;Olavinlinnantie;Kevyt liikenne;27957;8251;3;2016-06-09 00:00:00;(60.21139719, 25.07842739)
ylre_katuosat_point.1696;POINT (25503024.609307 6672598.437577);439471;Kalusteet ja leikkivälineet;32;Jäteastiat;383;HKR - city roska-astia, 100 litraa;3427;Rakennusvirasto Itä;381;Rakennusvirasto Itä;381;;Ei kiireellisyysluokkaa;KB3;73;Piennarniitty;Rakennusvirasto Itä;181;3;0;0;0;Jollaksentie;Kokoojakatu tai -tie;7572;5557;82;2015-12-04 00:00:00;(60.16626655, 25.05447806)
ylre_katuosat_point.1706;POINT (25504894.286686 6677985.133036);439454;Kalusteet ja leikkivälineet;32;Jäteastiat;383;HKR - roska-astia, 60 litraa;1644;Rakennusvirasto Itä;381;Ei talvikunnossapitoa;41;;Ei talvikunnossapitoa;II;2;Kokoojakadut ja vilkasliikenteiset klv:t;Rakennusvirasto Itä;181;2;0;0;0;Vanhanlinnantie;Kokoojakatu alueellinen;7807;5760;124;2015-12-04 00:00:00;(60.21459617, 25.08828363)
ylre_katuosat_point.18186;POINT (25497181.310225 6676101.944594);170142;Kalusteet ja leikkivälineet;32;Jäteastiat;383;HKR - roska-astia, 30 litraa;1643;HKL;42;HKL;83;;A-luokka;I;1;Pääkadut ja erittäin vilkkaat klv:t;HKL;34;3;0;0;0;Mäkelänkatu;Pääkatu;6801;2999;526;2016-09-30 00:00:00;(60.19771346, 24.94918232)
ylre_katuosat_point.1832;POINT (25504834.674751 6680496.80389);485914;Kalusteet ja leikkivälineet;32;Jäteastiat;383;HKR - roska-astia, 60 litraa;1644;Rakennusvirasto Itä;381;Ei talvikunnossapitoa;41;;Ei talvikunnossapitoa;II;2;Kokoojakadut ja vilkasliikenteiset klv:t;Rakennusvirasto Itä;181;3;0;0;0;Kotikonnuntie;Kokoojakatu alueellinen;7912;5848;44;2015-12-04 00:00:00;(60.23714001, 25.08726824)
ylre_katuosat_point.1911;POINT (25504480.824396 6680761.788113);485913;Kalusteet ja leikkivälineet;32;Jäteastiat;383;HKR - roska-astia, 60 litraa;1644;Kiinteistö / Yksityinen;41;Ei talvikunnossapitoa;41;;Ei talvikunnossapitoa;III;3;Tonttikadut ja vähäliikenteiset klv:t;Ei toimenpiteitä;7;3;0;0;0;Isännänpolku;Kevyt liikenne;7930;5866;37;2012-11-29 00:00:00;(60.23952238, 25.08088694)
ylre_katuosat_point.1947;POINT (25505546.650009 6680666.97334368);522785;Kalusteet ja leikkivälineet;32;Jäteastiat;383;HKR - H1 roska-astia, 60 litraa;5604;Rakennusvirasto Itä;381;Rakennusvirasto Itä;381;;B-luokka;II;2;Kokoojakadut ja vilkasliikenteiset klv:t;Rakennusvirasto Itä;181;3;0;0;0;Rekipellontie;Kokoojakatu tai -tie;8109;6045;111;2015-12-04 00:00:00;(60.23865827, 25.10012438)
ylre_katuosat_point.1948;POINT (25504359.79499 6678762.59005);485548;Kalusteet ja leikkivälineet;32;Jäteastiat;383;HKR - roska-astia, 30 litraa;1643;Rakennusvirasto Itä;381;Ei talvikunnossapitoa;41;;Ei talvikunnossapitoa;II;2;Kokoojakadut ja vilkasliikenteiset klv:t;Rakennusvirasto Itä;181;3;0;0;0;Alakiventie;Kokoojakatu tai -tie;7992;5928;76;2015-12-04 00:00:00;(60.22158020, 25.07865913)
ylre_katuosat_point.1988;POINT (25492321.834507 6671680.39812136);532108;Kalusteet ja leikkivälineet;32;Jäteastiat;383;HKR - roska-astia, 60 litraa;1644;Rakennusvirasto Länsi;382;Ei talvikunnossapitoa;41;;Ei talvikunnossapitoa;II;2;Kokoojakadut ja vilkasliikenteiset klv:t;Rakennusvirasto Länsi;182;3;0;0;0;Isokaari;Kokoojakatu tai -tie;160;107;183;2016-06-09 00:00:00;(60.15796580, 24.86173874)
ylre_katuosat_point.1990;POINT (25492325.4755894 6671675.40406806);532109;Kalusteet ja leikkivälineet;32;Jäteastiat;383;HKR - roska-astia, 60 litraa;1644;Rakennusvirasto Länsi;382;Ei talvikunnossapitoa;41;;Ei talvikunnossapitoa;II;2;Kokoojakadut ja vilkasliikenteiset klv:t;Rakennusvirasto Länsi;182;3;0;0;0;Isokaari;Kokoojakatu tai -tie;160;107;184;2016-06-09 00:00:00;(60.15792105, 24.86180450)
ylre_katuosat_point.1997;POINT (25504539.4018492 6680275.04386006);549456;Kalusteet ja leikkivälineet;32;Jäteastiat;383;HKR - huumeruiskuastia;6054;Kiinteistö / Yksityinen;41;Ei talvikunnossapitoa;41;;Ei talvikunnossapitoa;I;1;Pääkadut ja erittäin vilkkaat klv:t;Kiinteistö / Yksityinen;25;3;0;0;0;Kontulantie;Pääkatu;7900;5836;121;2017-10-06 00:00:00;(60.23515304, 25.08193345)
ylre_katuosat_point.2187;POINT (25504162.0655018 6683193.52929683);518111;Kalusteet ja leikkivälineet;32;Jäteastiat;383;HKR - H1 roska-astia, 140 litraa;5606;Rakennusvirasto Pohjoinen;383;Ei talvikunnossapitoa;41;;Ei talvikunnossapitoa;III;3;Tonttikadut ja vähäliikenteiset klv:t;Rakennusvirasto Pohjoinen;183;3;0;0;0;Jaakobintori;Tori;30585;8745;100;2015-12-04 00:00:00;(60.26135142, 25.07518278)
ylre_katuosat_point.2188;POINT (25504171.0033117 6683208.99858128);518112;Kalusteet ja leikkivälineet;32;Jäteastiat;383;HKR - H1 roska-astia, 140 litraa;5606;Rakennusvirasto Pohjoinen;383;Ei talvikunnossapitoa;41;;Ei talvikunnossapitoa;III;3;Tonttikadut ja vähäliikenteiset klv:t;Rakennusvirasto Pohjoinen;183;3;0;0;0;Jaakobintori;Tori;30585;8745;101;2015-12-04 00:00:00;(60.26149017, 25.07534455)
ylre_katuosat_point.2262;POINT (25508059.955894 6676995.802818);439428;Kalusteet ja leikkivälineet;32;Jäteastiat;383;HKR - roska-astia, 30 litraa;1643;Rakennusvirasto Itä;381;Rakennusvirasto Itä;381;;B-luokka;II;2;Kokoojakadut ja vilkasliikenteiset klv:t;Rakennusvirasto Itä;181;3;0;0;0;Iiluodontie;Kokoojakatu tai -tie;5642;4628;102;2015-12-04 00:00:00;(60.20566630, 25.14534682)
ylre_katuosat_point.2275;POINT (25508097.416499 6676852.271458);439427;Kalusteet ja leikkivälineet;32;Jäteastiat;383;HKR - roska-astia, 30 litraa;1643;Rakennusvirasto Itä;381;Rakennusvirasto Itä;381;;B-luokka;II;2;Kokoojakadut ja vilkasliikenteiset klv:t;Rakennusvirasto Itä;181;3;0;0;0;Iiluodontie;Kokoojakatu tai -tie;5642;4628;101;2015-12-04 00:00:00;(60.20437731, 25.14601663)
ylre_katuosat_point.2421;POINT (25503933.7636011 6679962.27130341);546817;Kalusteet ja leikkivälineet;32;Jäteastiat;383;HKR - H1 roska-astia, 60 litraa;5604;Rakennusvirasto Itä;381;Ei talvikunnossapitoa;41;;Ei talvikunnossapitoa;KA2;70;Keskustakatuvihreä;Rakennusvirasto Itä;181;3;0;0;0;Kurkiauranpolku;Kevyt liikenne;8032;5968;11;2017-06-19 00:00:00;(60.23235209, 25.07099599)
ylre_katuosat_point.2460;POINT (25493131.0747794 6680771.48767036);535370;Kalusteet ja leikkivälineet;32;Jäteastiat;383;HKR - huumeruiskuastia;6054;Kiinteistö / Yksityinen;41;Ei talvikunnossapitoa;41;;Ei talvikunnossapitoa;II;2;Kokoojakadut ja vilkasliikenteiset klv:t;Ei toimenpiteitä;7;3;0;0;0;Sitratori;Tori;3059;2501;52;2016-11-24 00:00:00;(60.23957617, 24.87600332)
ylre_katuosat_point.2461;POINT (25505425.199917 6677807.262506);486396;Kalusteet ja leikkivälineet;32;Jäteastiat;383;HKR - roska-astia, 60 litraa;1644;Rakennusvirasto Itä;381;Rakennusvirasto Itä;381;;B-luokka;II;2;Kokoojakadut ja vilkasliikenteiset klv:t;Rakennusvirasto Itä;181;3;0;0;0;Rusthollarintie;Kokoojakatu alueellinen;7734;5719;59;2015-12-04 00:00:00;(60.21299300, 25.09785552)
ylre_katuosat_point.2488;POINT (25493164.9901016 6680819.50308296);535708;Kalusteet ja leikkivälineet;32;Jäteastiat;383;HKR - huumeruiskuastia;6054;Kiinteistö / Yksityinen;41;Ei talvikunnossapitoa;41;;Ei talvikunnossapitoa;III;3;Tonttikadut ja vähäliikenteiset klv:t;Ei toimenpiteitä;7;3;0;0;0;Tahtipolku;Kevyt liikenne;3027;2469;35;2016-11-24 00:00:00;(60.24000769, 24.87661393)
ylre_katuosat_point.2574;POINT (25504125.2701254 6683234.11868849);518169;Kalusteet ja leikkivälineet;32;Jäteastiat;383;HKR - H1 roska-astia, 140 litraa;5606;Rakennusvirasto Pohjoinen;383;Ei talvikunnossapitoa;41;;Ei talvikunnossapitoa;III;3;Tonttikadut ja vähäliikenteiset klv:t;Rakennusvirasto Pohjoinen;183;3;0;0;0;Jaakobintori;Tori;30584;8744;100;2015-12-04 00:00:00;(60.26171610, 25.07451894)
ylre_katuosat_point.2624;POINT (25496478.7090778 6673443.54052916);523222;Kalusteet ja leikkivälineet;32;Jäteastiat;383;HKR - H1 roska-astia, 140 litraa;5606;Rakennusvirasto Länsi;382;Ei talvikunnossapitoa;41;;Ei talvikunnossapitoa;III;3;Tonttikadut ja vähäliikenteiset klv:t;Rakennusvirasto Länsi;182;1;0;0;0;Kansalaistori;Tori;13023;7999;123;2015-12-04 00:00:00;(60.17384773, 24.93656129)
ylre_katuosat_point.2626;POINT (25496474.5778762 6673476.53744482);523223;Kalusteet ja leikkivälineet;32;Jäteastiat;383;HKR - H1 roska-astia, 140 litraa;5606;Rakennusvirasto Länsi;382;Ei talvikunnossapitoa;41;;Ei talvikunnossapitoa;III;3;Tonttikadut ja vähäliikenteiset klv:t;Rakennusvirasto Länsi;182;1;0;0;0;Kansalaistori;Tori;13023;7999;124;2015-12-04 00:00:00;(60.17414386, 24.93648629)
ylre_katuosat_point.2707;POINT (25501997.179892 6675301.698643);439431;Kalusteet ja leikkivälineet;32;Jäteastiat;383;HKR - roska-astia, 60 litraa;1644;Rakennusvirasto Itä;381;Ei talvikunnossapitoa;41;;Ei talvikunnossapitoa;II;2;Kokoojakadut ja vilkasliikenteiset klv:t;Rakennusvirasto Itä;181;3;0;0;0;Laivalahdenkaari;Kokoojakatu tai -tie;6982;5284;77;2015-12-04 00:00:00;(60.19053578, 25.03599896)
ylre_katuosat_point.2736;POINT (25508045.405352 6677007.944808);439429;Kalusteet ja leikkivälineet;32;Jäteastiat;383;HKR - roska-astia, 60 litraa;1644;Rakennusvirasto Itä;381;Rakennusvirasto Itä;381;;B-luokka;II;2;Kokoojakadut ja vilkasliikenteiset klv:t;Rakennusvirasto Itä;181;3;0;0;0;Iiluodontie;Kokoojakatu tai -tie;5642;4628;103;2015-12-04 00:00:00;(60.20577556, 25.14508491)
ylre_katuosat_point.2741;POINT (25508074.47664 6676893.396355);439426;Kalusteet ja leikkivälineet;32;Jäteastiat;383;HKR - roska-astia, 60 litraa;1644;Rakennusvirasto Itä;381;Rakennusvirasto Itä;381;;B-luokka;II;2;Kokoojakadut ja vilkasliikenteiset klv:t;Rakennusvirasto Itä;181;3;0;0;0;Iiluodontie;Kokoojakatu tai -tie;5642;4628;100;2015-12-04 00:00:00;(60.20474688, 25.14560460)
ylre_katuosat_point.2746;POINT (25506326.140528 6680793.419235);439430;Kalusteet ja leikkivälineet;32;Jäteastiat;383;HKR - roska-astia, 60 litraa;1644;Rakennusvirasto Itä;381;Ei talvikunnossapitoa;41;;Ei talvikunnossapitoa;III;3;Tonttikadut ja vähäliikenteiset klv:t;Rakennusvirasto Itä;181;3;0;0;0;Laakavuorentie;Asuntokatu;5871;4807;100;2015-12-04 00:00:00;(60.23978180, 25.11419913)
ylre_katuosat_point.2764;POINT (25504161.5565734 6683227.46275395);518459;Kalusteet ja leikkivälineet;32;Jäteastiat;383;HKR - H1 roska-astia, 60 litraa;5604;Rakennusvirasto Pohjoinen;383;Ei talvikunnossapitoa;41;;Ei talvikunnossapitoa;II;2;Kokoojakadut ja vilkasliikenteiset klv:t;Rakennusvirasto Pohjoinen;183;3;0;0;0;Jakomäentie;Asuntokatu;4171;3473;108;2015-12-04 00:00:00;(60.26165599, 25.07517429)
ylre_katuosat_point.2765;POINT (25504149.1064685 6683233.52494527);518460;Kalusteet ja leikkivälineet;32;Jäteastiat;383;HKR - H1 roska-astia, 60 litraa;5604;Rakennusvirasto Pohjoinen;383;Ei talvikunnossapitoa;41;;Ei talvikunnossapitoa;II;2;Kokoojakadut ja vilkasliikenteiset klv:t;Rakennusvirasto Pohjoinen;183;3;0;0;0;Jakomäentie;Asuntokatu;4171;3473;109;2015-12-04 00:00:00;(60.26171052, 25.07494951)
ylre_katuosat_point.2821;POINT (25495916.0551631 6674741.1809347);523817;Kalusteet ja leikkivälineet;32;Jäteastiat;383;HKR - roska-astia, 60 litraa;1644;Rakennusvirasto Länsi;382;Ei talvikunnossapitoa;41;;Ei talvikunnossapitoa;III;3;Tonttikadut ja vähäliikenteiset klv:t;Rakennusvirasto Länsi;182;2;0;0;0;Olympiastadioninaukio;Katuaukio;31168;8970;20;2016-05-24 00:00:00;(60.18548936, 24.92639861)
ylre_katuosat_point.2825;POINT (25508077.720015 6678569.084292);486726;Kalusteet ja leikkivälineet;32;Jäteastiat;383;HKR - roska-astia, 30 litraa;1643;Rakennusvirasto Itä;381;Rakennusvirasto Itä;381;;B-luokka;II;2;Kokoojakadut ja vilkasliikenteiset klv:t;Rakennusvirasto Itä;181;3;0;0;0;Porslahdentie;Kokoojakatu alueellinen;5504;4502;177;2015-12-04 00:00:00;(60.21978670, 25.14572979)
ylre_katuosat_point.2848;POINT (25508119.521338 6678665.10269);486728;Kalusteet ja leikkivälineet;32;Jäteastiat;383;HKR - roska-astia, 30 litraa;1643;Rakennusvirasto Itä;381;Rakennusvirasto Itä;381;;B-luokka;II;2;Kokoojakadut ja vilkasliikenteiset klv:t;Rakennusvirasto Itä;181;3;0;0;0;Porslahdentie;Kokoojakatu alueellinen;5504;4502;179;2015-12-04 00:00:00;(60.22064767, 25.14648776)
ylre_katuosat_point.2877;POINT (25505279.401112 6677702.654249);486400;Kalusteet ja leikkivälineet;32;Jäteastiat;383;HKR - roska-astia, 60 litraa;1644;Rakennusvirasto Itä;381;Rakennusvirasto Itä;381;;B-luokka;II;2;Kokoojakadut ja vilkasliikenteiset klv:t;Rakennusvirasto Itä;181;3;0;0;0;Rusthollarintie;Kokoojakatu alueellinen;7734;5719;60;2015-12-04 00:00:00;(60.21205602, 25.09522300)
ylre_katuosat_point.2918;POINT (25505217.22436 6677654.819826);486401;Kalusteet ja leikkivälineet;32;Jäteastiat;383;HKR - roska-astia, 60 litraa;1644;Rakennusvirasto Itä;381;Rakennusvirasto Itä;381;;B-luokka;II;2;Kokoojakadut ja vilkasliikenteiset klv:t;Rakennusvirasto Itä;181;3;0;0;0;Rusthollarintie;Kokoojakatu alueellinen;7734;5719;61;2015-12-04 00:00:00;(60.21162749, 25.09410031)
ylre_katuosat_point.2947;POINT (25506125.046211 6678726.068871);487686;Kalusteet ja leikkivälineet;32;Jäteastiat;383;HKR - roska-astia, 60 litraa;1644;Rakennusvirasto Itä;381;Ei talvikunnossapitoa;41;;Ei talvikunnossapitoa;III;3;Tonttikadut ja vähäliikenteiset klv:t;Rakennusvirasto Itä;181;3;0;0;0;Vartioharjuntie;Kokoojakatu tai -tie;8968;6220;48;2015-12-04 00:00:00;(60.22122971, 25.11050652)
ylre_katuosat_point.2948;POINT (25507562.531051 6680464.299417);487687;Kalusteet ja leikkivälineet;32;Jäteastiat;383;HKR - roska-astia, 60 litraa;1644;Valtio;321;Ei talvikunnossapitoa;41;;Ei talvikunnossapitoa;H1;76;Hoitoluokittamaton, ei toimenpiteitä;Ei toimenpiteitä;7;3;0;0;0;Itäväylä;Moottoriväylä;5817;4753;6;2017-10-23 00:00:00;(60.23680677, 25.13650603)
ylre_katuosat_point.2982;POINT (25508336.90103 6676506.284786);487594;Kalusteet ja leikkivälineet;32;Jäteastiat;383;HKR - roska-astia, 60 litraa;1644;Rakennusvirasto Itä;381;Rakennusvirasto Itä;381;;C-luokka;III;3;Tonttikadut ja vähäliikenteiset klv:t;Rakennusvirasto Itä;181;3;0;0;0;Aurinkolahden Aukio;Tori;5696;4682;27;2015-12-04 00:00:00;(60.20126713, 25.15032091)
ylre_katuosat_point.2985;POINT (25508329.681497 6676522.55618);487595;Kalusteet ja leikkivälineet;32;Jäteastiat;383;HKR - roska-astia, 60 litraa;1644;Rakennusvirasto Itä;381;Rakennusvirasto Itä;381;;C-luokka;III;3;Tonttikadut ja vähäliikenteiset klv:t;Rakennusvirasto Itä;181;3;0;0;0;Aurinkolahden Aukio;Tori;5696;4682;28;2015-12-04 00:00:00;(60.20141332, 25.15019140)
ylre_katuosat_point.3026;POINT (25508251.672961 6676442.99466);487597;Kalusteet ja leikkivälineet;32;Jäteastiat;383;HKR - roska-astia, 60 litraa;1644;Rakennusvirasto Itä;381;Ei talvikunnossapitoa;41;;Ei talvikunnossapitoa;III;3;Tonttikadut ja vähäliikenteiset klv:t;Rakennusvirasto Itä;181;3;0;0;0;Aurinkoranta;Kevyt liikenne;5697;4683;10;2015-12-04 00:00:00;(60.20070081, 25.14878161)
ylre_katuosat_point.3041;POINT (25508017.221663 6676438.343859);487566;Kalusteet ja leikkivälineet;32;Jäteastiat;383;HKR - roska-astia, 60 litraa;1644;Rakennusvirasto Itä;381;Ei talvikunnossapitoa;41;;Ei talvikunnossapitoa;KA3;71;Yleiskatuvihreä;Rakennusvirasto Itä;181;3;0;0;0;Hiekkalaiturinraitti;Kevyt liikenne;5665;4651;19;2015-12-04 00:00:00;(60.20066374, 25.14455418)
ylre_katuosat_point.3042;POINT (25508231.539356 6676829.039464);487568;Kalusteet ja leikkivälineet;32;Jäteastiat;383;HKR - roska-astia, 60 litraa;1644;Rakennusvirasto Itä;381;Rakennusvirasto Itä;381;;B-luokka;II;2;Kokoojakadut ja vilkasliikenteiset klv:t;Rakennusvirasto Itä;181;3;0;0;0;Leikosaarentie;Kokoojakatu tai -tie;5678;4664;19;2015-12-04 00:00:00;(60.20416611, 25.14843425)
ylre_katuosat_point.3043;POINT (25508538.966358 6676857.962925);487592;Kalusteet ja leikkivälineet;32;Jäteastiat;383;HKR - roska-astia, 60 litraa;1644;Rakennusvirasto Itä;381;Rakennusvirasto Itä;381;;C-luokka;III;3;Tonttikadut ja vähäliikenteiset klv:t;Rakennusvirasto Itä;181;3;0;0;0;Henriksberginkuja;Kevyt liikenne;5700;4686;14;2015-12-04 00:00:00;(60.20441939, 25.15397908)
ylre_katuosat_point.3046;POINT (25508658.30108 6676573.638624);487613;Kalusteet ja leikkivälineet;32;Jäteastiat;383;HKR - roska-astia, 60 litraa;1644;Rakennusvirasto Itä;381;Ei talvikunnossapitoa;41;;Ei talvikunnossapitoa;III;3;Tonttikadut ja vähäliikenteiset klv:t;Rakennusvirasto Itä;181;3;0;0;0;Aurinkoranta;Kevyt liikenne;5698;4684;87;2015-12-04 00:00:00;(60.20186496, 25.15611885)
ylre_katuosat_point.3047;POINT (25508673.528011 6676580.287019);487614;Kalusteet ja leikkivälineet;32;Jäteastiat;383;HKR - roska-astia, 60 litraa;1644;Rakennusvirasto Itä;381;Ei talvikunnossapitoa;41;;Ei talvikunnossapitoa;III;3;Tonttikadut ja vähäliikenteiset klv:t;Rakennusvirasto Itä;181;3;0;0;0;Aurinkoranta;Kevyt liikenne;5698;4684;88;2015-12-04 00:00:00;(60.20192431, 25.15639369)
ylre_katuosat_point.3060;POINT (25502911.409135 6684251.36207357);522640;Kalusteet ja leikkivälineet;32;Jäteastiat;383;HKR - roska-astia, 60 litraa;1644;Rakennusvirasto Pohjoinen;383;Ei talvikunnossapitoa;41;;Ei talvikunnossapitoa;KA3;71;Yleiskatuvihreä;Rakennusvirasto Pohjoinen;183;3;0;0;0;Tenavapolku;Kevyt liikenne;2604;2161;8;2015-12-04 00:00:00;(60.27085666, 25.05260640)
ylre_katuosat_point.3061;POINT (25503564.7619435 6684110.65055661);522641;Kalusteet ja leikkivälineet;32;Jäteastiat;383;HKR - roska-astia, 60 litraa;1644;Rakennusvirasto Pohjoinen;383;Ei talvikunnossapitoa;41;;Ei talvikunnossapitoa;II;2;Kokoojakadut ja vilkasliikenteiset klv:t;Rakennusvirasto Pohjoinen;183;3;0;0;0;Puistolan raitti;Kokoojakatu alueellinen;2347;1976;223;2015-12-04 00:00:00;(60.26958853, 25.06440938)
ylre_katuosat_point.3076;POINT (25502159.4769845 6680098.09588394);550205;Kalusteet ja leikkivälineet;32;Jäteastiat;383;HKR - roska-astia, 30 litraa;1643;Rakennusvirasto Itä;381;Ei talvikunnossapitoa;41;;Ei talvikunnossapitoa;III;3;Tonttikadut ja vähäliikenteiset klv:t;Ei toimenpiteitä;7;3;0;0;0;Apteekkarinraitti;Kevyt liikenne;12388;7798;108;2017-11-09 00:00:00;(60.23358443, 25.03897538)
ylre_katuosat_point.3085;POINT (25508280.778035 6676461.646636);487598;Kalusteet ja leikkivälineet;32;Jäteastiat;383;HKR - roska-astia, 60 litraa;1644;Rakennusvirasto Itä;381;Ei talvikunnossapitoa;41;;Ei talvikunnossapitoa;III;3;Tonttikadut ja vähäliikenteiset klv:t;Rakennusvirasto Itä;181;3;0;0;0;Aurinkoranta;Kevyt liikenne;5697;4683;11;2015-12-04 00:00:00;(60.20086763, 25.14930715)
ylre_katuosat_point.3086;POINT (25508295.267622 6676471.124215);487599;Kalusteet ja leikkivälineet;32;Jäteastiat;383;HKR - roska-astia, 60 litraa;1644;Rakennusvirasto Itä;381;Ei talvikunnossapitoa;41;;Ei talvikunnossapitoa;III;3;Tonttikadut ja vähäliikenteiset klv:t;Rakennusvirasto Itä;181;3;0;0;0;Aurinkoranta;Kevyt liikenne;5697;4683;12;2015-12-04 00:00:00;(60.20095240, 25.14956879)
ylre_katuosat_point.3087;POINT (25508429.73183 6676472.957507);487600;Kalusteet ja leikkivälineet;32;Jäteastiat;383;HKR - roska-astia, 60 litraa;1644;Rakennusvirasto Itä;381;Ei talvikunnossapitoa;41;;Ei talvikunnossapitoa;III;3;Tonttikadut ja vähäliikenteiset klv:t;Rakennusvirasto Itä;181;3;0;0;0;Aurinkoranta;Kevyt liikenne;5698;4684;74;2015-12-04 00:00:00;(60.20096610, 25.15199333)
ylre_katuosat_point.3101;POINT (25508490.816543 6676499.73606);487604;Kalusteet ja leikkivälineet;32;Jäteastiat;383;HKR - roska-astia, 60 litraa;1644;Rakennusvirasto Itä;381;Ei talvikunnossapitoa;41;;Ei talvikunnossapitoa;III;3;Tonttikadut ja vähäliikenteiset klv:t;Rakennusvirasto Itä;181;3;0;0;0;Aurinkoranta;Kevyt liikenne;5698;4684;78;2015-12-04 00:00:00;(60.20120518, 25.15309584)
ylre_katuosat_point.3102;POINT (25508475.522333 6676493.138251);487603;Kalusteet ja leikkivälineet;32;Jäteastiat;383;HKR - roska-astia, 60 litraa;1644;Rakennusvirasto Itä;381;Ei talvikunnossapitoa;41;;Ei talvikunnossapitoa;III;3;Tonttikadut ja vähäliikenteiset klv:t;Rakennusvirasto Itä;181;3;0;0;0;Aurinkoranta;Kevyt liikenne;5698;4684;77;2015-12-04 00:00:00;(60.20114628, 25.15281980)
ylre_katuosat_point.3124;POINT (25508506.228923 6676506.603088);487605;Kalusteet ja leikkivälineet;32;Jäteastiat;383;HKR - roska-astia, 60 litraa;1644;Rakennusvirasto Itä;381;Ei talvikunnossapitoa;41;;Ei talvikunnossapitoa;III;3;Tonttikadut ja vähäliikenteiset klv:t;Rakennusvirasto Itä;181;3;0;0;0;Aurinkoranta;Kevyt liikenne;5698;4684;79;2015-12-04 00:00:00;(60.20126649, 25.15337402)
ylre_katuosat_point.3125;POINT (25508521.354924 6676513.318945);487606;Kalusteet ja leikkivälineet;32;Jäteastiat;383;HKR - roska-astia, 60 litraa;1644;Rakennusvirasto Itä;381;Ei talvikunnossapitoa;41;;Ei talvikunnossapitoa;III;3;Tonttikadut ja vähäliikenteiset klv:t;Rakennusvirasto Itä;181;3;0;0;0;Aurinkoranta;Kevyt liikenne;5698;4684;80;2015-12-04 00:00:00;(60.20132645, 25.15364704)
ylre_katuosat_point.3135;POINT (25508322.496606 6676539.635617);487596;Kalusteet ja leikkivälineet;32;Jäteastiat;383;HKR - roska-astia, 60 litraa;1644;Rakennusvirasto Itä;381;Rakennusvirasto Itä;381;;C-luokka;III;3;Tonttikadut ja vähäliikenteiset klv:t;Rakennusvirasto Itä;181;3;0;0;0;Aurinkolahden Aukio;Tori;5696;4682;29;2015-12-04 00:00:00;(60.20156676, 25.15006255)
ylre_katuosat_point.3169;POINT (25492363.721109 6681740.78431);441569;Kalusteet ja leikkivälineet;32;Jäteastiat;383;HKR - roska-astia, 60 litraa;1644;Rakennusvirasto Länsi;382;Ei talvikunnossapitoa;41;;Ei talvikunnossapitoa;II;2;Kokoojakadut ja vilkasliikenteiset klv:t;Rakennusvirasto Länsi;182;3;0;0;0;Malminkartanontie;Kokoojakatu alueellinen;1451;1234;289;2015-12-04 00:00:00;(60.24826225, 24.86211467)
ylre_katuosat_point.3185;POINT (25508445.093603 6676479.74042);487601;Kalusteet ja leikkivälineet;32;Jäteastiat;383;HKR - roska-astia, 60 litraa;1644;Rakennusvirasto Itä;381;Ei talvikunnossapitoa;41;;Ei talvikunnossapitoa;III;3;Tonttikadut ja vähäliikenteiset klv:t;Rakennusvirasto Itä;181;3;0;0;0;Aurinkoranta;Kevyt liikenne;5698;4684;75;2015-12-04 00:00:00;(60.20102666, 25.15227059)
ylre_katuosat_point.3186;POINT (25508460.51438 6676486.590603);487602;Kalusteet ja leikkivälineet;32;Jäteastiat;383;HKR - roska-astia, 60 litraa;1644;Rakennusvirasto Itä;381;Ei talvikunnossapitoa;41;;Ei talvikunnossapitoa;III;3;Tonttikadut ja vähäliikenteiset klv:t;Rakennusvirasto Itä;181;3;0;0;0;Aurinkoranta;Kevyt liikenne;5698;4684;76;2015-12-04 00:00:00;(60.20108782, 25.15254893)
ylre_katuosat_point.3191;POINT (25494308.2251251 6680653.53672263);549637;Kalusteet ja leikkivälineet;32;Jäteastiat;383;HKR - roska-astia, 30 litraa;1643;Rakennusvirasto Länsi;382;Ei talvikunnossapitoa;41;;Ei talvikunnossapitoa;H1;76;Hoitoluokittamaton, ei toimenpiteitä;Rakennusvirasto Länsi;182;3;0;0;0;Hämeenlinnanväylä;Moottoriväylä;10331;2781;37;2017-10-19 00:00:00;(60.23853567, 24.89725631)
ylre_katuosat_point.3223;POINT (25508739.26379 6677240.273278);433873;Kalusteet ja leikkivälineet;32;Jäteastiat;383;HKR - roska-astia, 60 litraa;1644;Rakennusvirasto Itä;381;Rakennusvirasto Itä;381;;B-luokka;II;2;Kokoojakadut ja vilkasliikenteiset klv:t;Rakennusvirasto Itä;181;3;0;0;0;Aurinkotuulenkatu;Kokoojakatu tai -tie;12548;7878;98;2015-12-04 00:00:00;(60.20784652, 25.15760739)
ylre_katuosat_point.3262;POINT (25508167.75455 6678120.818716);486722;Kalusteet ja leikkivälineet;32;Jäteastiat;383;HKR - roska-astia, 30 litraa;1643;Rakennusvirasto Itä;381;Rakennusvirasto Itä;381;;B-luokka;II;2;Kokoojakadut ja vilkasliikenteiset klv:t;Rakennusvirasto Itä;181;3;0;0;0;Porslahdentie;Kokoojakatu alueellinen;5504;4502;173;2015-12-04 00:00:00;(60.21576157, 25.14733604)
ylre_katuosat_point.3265;POINT (25508119.752435 6678384.177818);486724;Kalusteet ja leikkivälineet;32;Jäteastiat;383;HKR - roska-astia, 30 litraa;1643;Rakennusvirasto Itä;381;Rakennusvirasto Itä;381;;B-luokka;II;2;Kokoojakadut ja vilkasliikenteiset klv:t;Rakennusvirasto Itä;181;3;0;0;0;Porslahdentie;Kokoojakatu alueellinen;5504;4502;175;2015-12-04 00:00:00;(60.21812627, 25.14648069)
ylre_katuosat_point.3323;POINT (25494244.0757892 6678561.73653454);550516;Kalusteet ja leikkivälineet;32;Jäteastiat;383;HKR - H1 roska-astia, 60 litraa;5604;Rakennusvirasto Itä;381;Rakennusvirasto Itä;381;;A-luokka;I;1;Pääkadut ja erittäin vilkkaat klv:t;Ei toimenpiteitä;7;3;0;0;0;Laajasuonaukio;Tori;12326;7784;1;2017-11-17 00:00:00;(60.21976014, 24.89615774)
ylre_katuosat_point.3324;POINT (25493899.44951 6679485.45870652);550518;Kalusteet ja leikkivälineet;32;Jäteastiat;383;HKR - H1 roska-astia, 60 litraa;5604;Rakennusvirasto Länsi;382;Rakennusvirasto Länsi;382;;Ei kiireellisyysluokkaa;KA3;71;Yleiskatuvihreä;Rakennusvirasto Länsi;182;3;0;0;0;Ohjaajantie;Asuntokatu;2380;2004;116;2017-11-17 00:00:00;(60.22804586, 24.88991258)
ylre_katuosat_point.3325;POINT (25502066.9662265 6680074.03204962);550273;Kalusteet ja leikkivälineet;32;Jäteastiat;383;HKR - roska-astia, 30 litraa;1643;Rakennusvirasto Itä;381;Ei talvikunnossapitoa;41;;Ei talvikunnossapitoa;III;3;Tonttikadut ja vähäliikenteiset klv:t;Ei toimenpiteitä;7;3;0;0;0;Apteekkarinkatu;Asuntokatu;31746;9112;151;2017-11-09 00:00:00;(60.23336893, 25.03730546)
ylre_katuosat_point.3327;POINT (25504231.576487 6677438.75230912);544049;Kalusteet ja leikkivälineet;32;Jäteastiat;383;HKR - huumeruiskuastia;6054;Kiinteistö / Yksityinen;41;Kiinteistö / Yksityinen;61;;A-luokka;I;1;Pääkadut ja erittäin vilkkaat klv:t;Kiinteistö / Yksityinen;25;2;0;0;0;Turunlinnantie;Kokoojakatu alueellinen;7666;5651;46;2017-03-24 00:00:00;(60.20969962, 25.07631821)
ylre_katuosat_point.3328;POINT (25504322.1550453 6677486.61720753);544050;Kalusteet ja leikkivälineet;32;Jäteastiat;383;HKR - huumeruiskuastia;6054;Kiinteistö / Yksityinen;41;Kiinteistö / Yksityinen;61;;A-luokka;I;1;Pääkadut ja erittäin vilkkaat klv:t;Kiinteistö / Yksityinen;25;2;0;0;0;Turunlinnantie;Kokoojakatu alueellinen;7666;5651;47;2017-03-24 00:00:00;(60.21012827, 25.07795285)
ylre_katuosat_point.3380;POINT (25504267.6962008 6683109.75375861);544742;Kalusteet ja leikkivälineet;32;Jäteastiat;383;HKR - H1 roska-astia, 60 litraa;5604;Rakennusvirasto Pohjoinen;383;Ei talvikunnossapitoa;41;;Ei talvikunnossapitoa;KA3;71;Yleiskatuvihreä;Rakennusvirasto Pohjoinen;183;3;0;0;0;Jakomäenaukio;Tori;4169;3471;25;2017-04-07 00:00:00;(60.26059841, 25.07708910)
ylre_katuosat_point.3381;POINT (25504285.8657204 6683119.05827087);544743;Kalusteet ja leikkivälineet;32;Jäteastiat;383;HKR - H1 roska-astia, 60 litraa;5604;Rakennusvirasto Pohjoinen;383;Ei talvikunnossapitoa;41;;Ei talvikunnossapitoa;KA3;71;Yleiskatuvihreä;Rakennusvirasto Pohjoinen;183;3;0;0;0;Jakomäenaukio;Tori;4169;3471;26;2017-04-07 00:00:00;(60.26068173, 25.07741750)
ylre_katuosat_point.3558;POINT (25497039.840891 6671803.357197);131810;Kalusteet ja leikkivälineet;32;Jäteastiat;383;HKR - roska-astia, 140 litraa;1645;Rakennusvirasto Länsi;382;Rakennusvirasto Länsi;382;;A-luokka;I;1;Pääkadut ja erittäin vilkkaat klv:t;Rakennusvirasto Länsi;182;2;0;0;0;Kapteeninkatu;Kokoojakatu tai -tie;956;808;21;2015-12-04 00:00:00;(60.15913082, 24.94669435)
ylre_katuosat_point.3589;POINT (25497778.557864 6671573.633828);131800;Kalusteet ja leikkivälineet;32;Jäteastiat;383;HKR - roska-astia, 60 litraa;1644;Rakennusvirasto Länsi;382;Rakennusvirasto Länsi;382;;A-luokka;I;1;Pääkadut ja erittäin vilkkaat klv:t;Rakennusvirasto Länsi;182;1;0;0;0;Itäinen Puistotie;Asuntokatu;568;465;31;2015-12-04 00:00:00;(60.15707363, 24.95999944)
ylre_katuosat_point.3689;POINT (25502853.376268 6674032.885707);132950;Kalusteet ja leikkivälineet;32;Jäteastiat;383;HKR - roska-astia, 30 litraa;1643;Rakennusvirasto Itä;381;Ei talvikunnossapitoa;41;;Ei talvikunnossapitoa;I;1;Pääkadut ja erittäin vilkkaat klv:t;Rakennusvirasto Itä;181;3;0;0;0;Laajasalontie;Pääkatu;7568;5553;84;2015-12-04 00:00:00;(60.17914257, 25.05141400)
ylre_katuosat_point.3750;POINT (25503725.2307571 6682779.1101344);545026;Kalusteet ja leikkivälineet;32;Jäteastiat;383;HKR - H1 roska-astia, 60 litraa;5604;Rakennusvirasto Pohjoinen;383;Ei talvikunnossapitoa;41;;Ei talvikunnossapitoa;III;3;Tonttikadut ja vähäliikenteiset klv:t;Ei toimenpiteitä;7;3;0;0;0;Säkkikatu;Asuntokatu;28070;8275;109;2017-04-19 00:00:00;(60.25763611, 25.06728425)
ylre_katuosat_point.3768;POINT (25502581.866491 6673634.512254);133723;Kalusteet ja leikkivälineet;32;Jäteastiat;383;HKR - roska-astia, 30 litraa;1643;Rakennusvirasto Itä;381;Ei talvikunnossapitoa;41;;Ei talvikunnossapitoa;II;2;Kokoojakadut ja vilkasliikenteiset klv:t;Rakennusvirasto Itä;181;3;0;0;0;Koirasaarentie;Kokoojakatu tai -tie;7575;5560;40;2015-12-04 00:00:00;(60.17556880, 25.04651670)
ylre_katuosat_point.3832;POINT (25502890.03142 6674560.57035);133024;Kalusteet ja leikkivälineet;32;Jäteastiat;383;HKR - roska-astia, 30 litraa;1643;Rakennusvirasto Itä;381;Ei talvikunnossapitoa;41;;Ei talvikunnossapitoa;II;2;Kokoojakadut ja vilkasliikenteiset klv:t;Rakennusvirasto Itä;181;3;0;0;0;Humalniementie;Kokoojakatu tai -tie;7580;5565;23;2015-12-04 00:00:00;(60.18387850, 25.05208197)
ylre_katuosat_point.3981;POINT (25501984.361156 6673799.125366);133674;Kalusteet ja leikkivälineet;32;Jäteastiat;383;HKR - roska-astia, 30 litraa;1643;Rakennusvirasto Itä;381;Ei talvikunnossapitoa;41;;Ei talvikunnossapitoa;II;2;Kokoojakadut ja vilkasliikenteiset klv:t;Rakennusvirasto Itä;181;3;0;0;0;Henrik Borgströmin tie;Kokoojakatu tai -tie;1182;995;26;2015-12-04 00:00:00;(60.17704962, 25.03575324)
ylre_katuosat_point.4088;POINT (25497585.058956 6672070.150743);131027;Kalusteet ja leikkivälineet;32;Jäteastiat;383;HKR - roska-astia, 30 litraa;1643;Rakennusvirasto Länsi;382;Rakennusvirasto Länsi;382;;A-luokka;I;1;Pääkadut ja erittäin vilkkaat klv:t;Rakennusvirasto Länsi;182;1;0;0;0;Laivasillankatu;Kokoojakatu alueellinen;5611;4607;42;2015-12-04 00:00:00;(60.16152900, 24.95650930)
ylre_katuosat_point.4105;POINT (25503266.005681 6674186.099893);132976;Kalusteet ja leikkivälineet;32;Jäteastiat;383;HKR - roska-astia, 60 litraa;1644;Rakennusvirasto Itä;381;Ei talvikunnossapitoa;41;;Ei talvikunnossapitoa;III;3;Tonttikadut ja vähäliikenteiset klv:t;Rakennusvirasto Itä;181;3;0;0;0;Kiiltomadonpolku;Kevyt liikenne;7609;5594;20;2015-12-04 00:00:00;(60.18051464, 25.05885148)
ylre_katuosat_point.4117;POINT (25502918.831461 6673934.871705);132639;Kalusteet ja leikkivälineet;32;Jäteastiat;383;HKR - roska-astia, 30 litraa;1643;Rakennusvirasto Itä;381;Ei talvikunnossapitoa;41;;Ei talvikunnossapitoa;II;2;Kokoojakadut ja vilkasliikenteiset klv:t;Rakennusvirasto Itä;181;3;0;0;0;Reposalmentie;Kokoojakatu tai -tie;7584;5569;50;2015-12-04 00:00:00;(60.17826239, 25.05259200)
ylre_katuosat_point.4185;POINT (25502874.413511 6674066.291949);132859;Kalusteet ja leikkivälineet;32;Jäteastiat;383;HKR - roska-astia, 60 litraa;1644;Rakennusvirasto Itä;381;Ei talvikunnossapitoa;41;;Ei talvikunnossapitoa;III;3;Tonttikadut ja vähäliikenteiset klv:t;Rakennusvirasto Itä;181;3;0;0;0;Kuvernöörintie;Asuntokatu;7579;5564;22;2015-12-04 00:00:00;(60.17944226, 25.05179353)
ylre_katuosat_point.4189;POINT (25502103.32522 6672722.34023);134067;Kalusteet ja leikkivälineet;32;Jäteastiat;383;HKR - roska-astia, 30 litraa;1643;Rakennusvirasto Itä;381;Ei talvikunnossapitoa;41;;Ei talvikunnossapitoa;II;2;Kokoojakadut ja vilkasliikenteiset klv:t;Rakennusvirasto Itä;181;3;0;0;0;Gunillankuja;Asuntokatu;7651;5636;28;2015-12-04 00:00:00;(60.16738441, 25.03788554)
ylre_katuosat_point.4220;POINT (25502852.040578 6674098.150135);132689;Kalusteet ja leikkivälineet;32;Jäteastiat;383;HKR - roska-astia, 30 litraa;1643;Rakennusvirasto Itä;381;Ei talvikunnossapitoa;41;;Ei talvikunnossapitoa;II;2;Kokoojakadut ja vilkasliikenteiset klv:t;Rakennusvirasto Itä;181;3;0;0;0;Kuvernöörintie;Kokoojakatu tai -tie;7578;5563;145;2015-12-04 00:00:00;(60.17972835, 25.05139084)
ylre_katuosat_point.4232;POINT (25503177.765137 6673905.703729);132653;Kalusteet ja leikkivälineet;32;Jäteastiat;383;HKR - roska-astia, 30 litraa;1643;Rakennusvirasto Itä;381;Ei talvikunnossapitoa;41;;Ei talvikunnossapitoa;II;2;Kokoojakadut ja vilkasliikenteiset klv:t;Rakennusvirasto Itä;181;3;0;0;0;Reposalmentie;Kokoojakatu tai -tie;7584;5569;64;2015-12-04 00:00:00;(60.17799866, 25.05725705)
ylre_katuosat_point.4236;POINT (25502953.454186 6673920.643675);132644;Kalusteet ja leikkivälineet;32;Jäteastiat;383;HKR - roska-astia, 30 litraa;1643;Rakennusvirasto Itä;381;Ei talvikunnossapitoa;41;;Ei talvikunnossapitoa;II;2;Kokoojakadut ja vilkasliikenteiset klv:t;Rakennusvirasto Itä;181;3;0;0;0;Reposalmentie;Kokoojakatu tai -tie;7584;5569;55;2015-12-04 00:00:00;(60.17813444, 25.05321563)
ylre_katuosat_point.4286;POINT (25503213.805147 6674458.458844);132103;Kalusteet ja leikkivälineet;32;Jäteastiat;383;HKR - roska-astia, 30 litraa;1643;Rakennusvirasto Itä;381;Ei talvikunnossapitoa;41;;Ei talvikunnossapitoa;II;2;Kokoojakadut ja vilkasliikenteiset klv:t;Rakennusvirasto Itä;181;3;0;0;0;Marunapolku;Kokoojakatu tai -tie;10623;6632;20;2015-12-04 00:00:00;(60.18295959, 25.05791516)
ylre_katuosat_point.4395;POINT (25497573.65606 6672074.996382);131028;Kalusteet ja leikkivälineet;32;Jäteastiat;383;HKR - roska-astia, 30 litraa;1643;Rakennusvirasto Länsi;382;Rakennusvirasto Länsi;382;;A-luokka;I;1;Pääkadut ja erittäin vilkkaat klv:t;Rakennusvirasto Länsi;182;1;0;0;0;Laivasillankatu;Kokoojakatu alueellinen;5611;4607;43;2015-12-04 00:00:00;(60.16157242, 24.95630389)
ylre_katuosat_point.4406;POINT (25503311.027416 6674206.499637);132134;Kalusteet ja leikkivälineet;32;Jäteastiat;383;HKR - roska-astia, 30 litraa;1643;Rakennusvirasto Itä;381;Ei talvikunnossapitoa;41;;Ei talvikunnossapitoa;II;2;Kokoojakadut ja vilkasliikenteiset klv:t;Rakennusvirasto Itä;181;3;0;0;0;Ilomäentie;Kokoojakatu tai -tie;7583;5568;114;2015-12-04 00:00:00;(60.18069737, 25.05966307)
ylre_katuosat_point.4408;POINT (25503302.86691 6674181.994817);132137;Kalusteet ja leikkivälineet;32;Jäteastiat;383;HKR - roska-astia, 60 litraa;1644;Rakennusvirasto Itä;381;Ei talvikunnossapitoa;41;;Ei talvikunnossapitoa;II;2;Kokoojakadut ja vilkasliikenteiset klv:t;Rakennusvirasto Itä;181;3;0;0;0;Ilomäentie;Kokoojakatu tai -tie;7583;5568;111;2015-12-04 00:00:00;(60.18047750, 25.05951563)
ylre_katuosat_point.4418;POINT (25497506.776881 6671229.39137);131452;Kalusteet ja leikkivälineet;32;Jäteastiat;383;HKR - roska-astia, 60 litraa;1644;Rakennusvirasto Länsi;382;Rakennusvirasto Länsi;382;;A-luokka;I;1;Pääkadut ja erittäin vilkkaat klv:t;Rakennusvirasto Länsi;182;1;0;0;0;Kaivopuistonranta;Kevytliikenne, t/h;13077;8012;61;2015-12-04 00:00:00;(60.15398233, 24.95510981)
ylre_katuosat_point.4439;POINT (25497491.025976 6671853.854488);130938;Kalusteet ja leikkivälineet;32;Jäteastiat;383;HKR - roska-astia, 30 litraa;1643;Rakennusvirasto Länsi;382;Rakennusvirasto Länsi;382;;A-luokka;I;1;Pääkadut ja erittäin vilkkaat klv:t;Rakennusvirasto Länsi;182;1;0;0;0;Tehtaankatu;Asuntokatu;5761;797;40;2015-12-04 00:00:00;(60.15958707, 24.95481853)
ylre_katuosat_point.4441;POINT (25497729.349795 6671386.128155);131904;Kalusteet ja leikkivälineet;32;Jäteastiat;383;HKR - roska-astia, 140 litraa;1645;Rakennusvirasto Länsi;382;Rakennusvirasto Länsi;382;;C-luokka;III;3;Tonttikadut ja vähäliikenteiset klv:t;Rakennusvirasto Länsi;182;1;0;0;0;Kylpylänaukio;Pysäköintialue;566;463;21;2015-12-04 00:00:00;(60.15539041, 24.95911546)
ylre_katuosat_point.4604;POINT (25503171.339548 6674545.349442);132096;Kalusteet ja leikkivälineet;32;Jäteastiat;383;HKR - roska-astia, 30 litraa;1643;Rakennusvirasto Itä;381;Ei talvikunnossapitoa;41;;Ei talvikunnossapitoa;II;2;Kokoojakadut ja vilkasliikenteiset klv:t;Rakennusvirasto Itä;181;3;0;0;0;Marunakuja;Kokoojakatu tai -tie;7582;5567;21;2015-12-04 00:00:00;(60.18373980, 25.05715125)
ylre_katuosat_point.4625;POINT (25499112.2110907 6683471.14754405);533931;Kalusteet ja leikkivälineet;32;Jäteastiat;383;HKR - H1 roska-astia, 60 litraa;5604;Rakennusvirasto Pohjoinen;383;Ei talvikunnossapitoa;41;;Ei talvikunnossapitoa;II;2;Kokoojakadut ja vilkasliikenteiset klv:t;Rakennusvirasto Pohjoinen;183;3;0;0;0;Kirkonkyläntie;Kokoojakatu tai -tie;3745;3085;128;2016-09-20 00:00:00;(60.26386344, 24.98396192)
ylre_katuosat_point.4641;POINT (25497877.41572 6671765.117034);131595;Kalusteet ja leikkivälineet;32;Jäteastiat;383;HKR - roska-astia, 60 litraa;1644;Rakennusvirasto Länsi;382;Rakennusvirasto Länsi;382;;A-luokka;I;1;Pääkadut ja erittäin vilkkaat klv:t;Rakennusvirasto Länsi;182;1;0;0;0;Ehrenströmintie;Asuntokatu;4362;3601;111;2015-12-04 00:00:00;(60.15879280, 24.96177754)
ylre_katuosat_point.4657;POINT (25503244.890435 6674313.705085);132111;Kalusteet ja leikkivälineet;32;Jäteastiat;383;HKR - roska-astia, 30 litraa;1643;Rakennusvirasto Itä;381;Ei talvikunnossapitoa;41;;Ei talvikunnossapitoa;II;2;Kokoojakadut ja vilkasliikenteiset klv:t;Rakennusvirasto Itä;181;3;0;0;0;Marunapolku;Kokoojakatu tai -tie;10623;6632;28;2015-12-04 00:00:00;(60.18166012, 25.05847303)
ylre_katuosat_point.4713;POINT (25497625.315773 6671765.759229);131832;Kalusteet ja leikkivälineet;32;Jäteastiat;383;HKR - roska-astia, 60 litraa;1644;Rakennusvirasto Länsi;382;Rakennusvirasto Länsi;382;;A-luokka;I;1;Pääkadut ja erittäin vilkkaat klv:t;Rakennusvirasto Länsi;182;1;0;0;0;Itäinen Puistotie;Asuntokatu;567;464;26;2015-12-04 00:00:00;(60.15879718, 24.95723784)
ylre_katuosat_point.4716;POINT (25502875.892734 6673672.951343);132415;Kalusteet ja leikkivälineet;32;Jäteastiat;383;HKR - roska-astia, 30 litraa;1643;Rakennusvirasto Itä;381;Ei talvikunnossapitoa;41;;Ei talvikunnossapitoa;II;2;Kokoojakadut ja vilkasliikenteiset klv:t;Rakennusvirasto Itä;181;3;0;0;0;Kuvernöörintie;Kokoojakatu tai -tie;7578;5563;119;2015-12-04 00:00:00;(60.17591185, 25.05181462)
ylre_katuosat_point.4721;POINT (25497364.612048 6672471.016538);130975;Kalusteet ja leikkivälineet;32;Jäteastiat;383;HKR - roska-astia, 30 litraa;1643;Rakennusvirasto Länsi;382;Rakennusvirasto Länsi;382;;A-luokka;I;1;Pääkadut ja erittäin vilkkaat klv:t;Rakennusvirasto Länsi;182;1;0;0;0;Eteläranta;Kokoojakatu alueellinen;552;451;68;2015-12-04 00:00:00;(60.16512558, 24.95253408)
ylre_katuosat_point.4722;POINT (25497372.596737 6672471.843068);130976;Kalusteet ja leikkivälineet;32;Jäteastiat;383;HKR - roska-astia, 30 litraa;1643;Rakennusvirasto Länsi;382;Rakennusvirasto Länsi;382;;A-luokka;I;1;Pääkadut ja erittäin vilkkaat klv:t;Rakennusvirasto Länsi;182;1;0;0;0;Eteläranta;Kokoojakatu alueellinen;552;451;69;2015-12-04 00:00:00;(60.16513305, 24.95267789)
ylre_katuosat_point.4912;POINT (25497498.430192 6671846.704448);130939;Kalusteet ja leikkivälineet;32;Jäteastiat;383;HKR - roska-astia, 30 litraa;1643;Rakennusvirasto Länsi;382;Rakennusvirasto Länsi;382;;A-luokka;I;1;Pääkadut ja erittäin vilkkaat klv:t;Rakennusvirasto Länsi;182;1;0;0;0;Tehtaankatu;Asuntokatu;5761;797;41;2015-12-04 00:00:00;(60.15952294, 24.95495195)
ylre_katuosat_point.4950;POINT (25496952.0682103 6671705.77063899);130944;Kalusteet ja leikkivälineet;32;Jäteastiat;383;HKR - roska-astia, 30 litraa;1643;HKL;42;HKL;83;;B-luokka;II;2;Kokoojakadut ja vilkasliikenteiset klv:t;HKL;34;2;0;0;0;Tehtaankatu;Asuntokatu;5761;797;46;2016-09-26 00:00:00;(60.15825429, 24.94511522)
ylre_katuosat_point.4966;POINT (25504280.4236396 6683074.88894266);544744;Kalusteet ja leikkivälineet;32;Jäteastiat;383;HKR - H1 roska-astia, 60 litraa;5604;Rakennusvirasto Pohjoinen;383;Ei talvikunnossapitoa;41;;Ei talvikunnossapitoa;KA3;71;Yleiskatuvihreä;Rakennusvirasto Pohjoinen;183;3;0;0;0;Kankarepolku;Kevyt liikenne;12302;7778;13;2017-04-07 00:00:00;(60.26028536, 25.07731827)
ylre_katuosat_point.5039;POINT (25497380.488953 6673003.511102);144051;Kalusteet ja leikkivälineet;32;Jäteastiat;383;HKR - roska-astia, 60 litraa;1644;Rakennusvirasto Länsi;382;Ei talvikunnossapitoa;41;;Ei talvikunnossapitoa;III;3;Tonttikadut ja vähäliikenteiset klv:t;Rakennusvirasto Länsi;182;1;0;0;0;Hallituskatu;Asuntokatu;785;675;20;2015-12-04 00:00:00;(60.16990506, 24.95281319)
ylre_katuosat_point.5065;POINT (25497343.318024 6672916.845477);143172;Kalusteet ja leikkivälineet;32;Jäteastiat;383;HKR - roska-astia, 60 litraa;1644;Rakennusvirasto Länsi;382;Ei talvikunnossapitoa;41;;Ei talvikunnossapitoa;II;2;Kokoojakadut ja vilkasliikenteiset klv:t;Rakennusvirasto Länsi;182;1;0;0;0;Aleksanterinkatu;Kokoojakatu alueellinen;780;664;28;2015-12-04 00:00:00;(60.16912695, 24.95214474)
